algo,host,iter,seed,n,avgDeg,alpha,PLE,T,R,TimeTotal,TimePoints,TimePrepro,TimeEdges,GenNumEdge,GenAvgDeg
hypergirgs,gluten,0,0,10000,10,0.6,2.2,0,19.2056,35.9761,1.76604,27.9546,6.20065,57690,11.538
hypergirgs,gluten,0,10,21544,10,0.6,2.2,0,20.8558,40.8263,2.38804,32.6597,5.70684,102298,9.49666
hypergirgs,gluten,0,20,46415,10,0.6,2.2,0,22.4896,32.3304,3.47306,21.6841,6.97815,207288,8.93194
hypergirgs,gluten,0,30,100000,10,0.6,2.2,0,24.112,26.6062,3.84512,15.3586,7.11479,486879,9.73758
hypergirgs,gluten,0,40,215443,10,0.6,2.2,0,25.7171,45.5487,4.31715,25.154,15.5334,1140184,10.5846
hypergirgs,gluten,0,50,464158,10,0.6,2.2,0,27.3193,86.9093,16.3387,42.0539,26.9928,2195569,9.46044
hypergirgs,gluten,0,60,1000000,10,0.6,2.2,0,28.9054,155.853,16.9041,64.65,68.7313,5043012,10.086
hypergirgs,gluten,0,70,2154434,10,0.6,2.2,0,30.488,372.669,59.0227,155.562,146.64,10468529,9.71812
hypergirgs,gluten,0,80,4641588,10,0.6,2.2,0,32.0655,692.161,130.533,265.066,279.311,23531453,10.1394
hypergirgs,gluten,0,90,10000000,10,0.6,2.2,0,33.6363,1462.62,309.489,551.085,570.488,48901431,9.78029
hypergirgs,gluten,0,100,21544346,10,0.6,2.2,0,35.2051,2766.95,534.221,1023.63,1111.78,105570162,9.80027
hypergirgs,gluten,0,110,46415888,10,0.6,2.2,0,36.7676,5663.83,1038.88,2127.19,2328.01,229055991,9.86972
hypergirgs,gluten,0,120,10000,100,0.6,2.2,0,14.0942,36.531,0.847747,26.7146,8.95865,476708,95.3416
hypergirgs,gluten,0,130,21544,100,0.6,2.2,0,15.8307,35.6996,4.81304,25.4574,5.42069,1029145,95.5389
hypergirgs,gluten,0,140,46415,100,0.6,2.2,0,17.531,14.0008,1.41679,4.14261,8.43284,2303397,99.2523
hypergirgs,gluten,0,150,100000,100,0.6,2.2,0,19.2046,24.071,1.79343,7.60613,14.6624,5226768,104.535
hypergirgs,gluten,0,160,215443,100,0.6,2.2,0,20.8564,41.3697,2.48755,13.1906,25.6818,11283423,104.746
hypergirgs,gluten,0,170,464158,100,0.6,2.2,0,22.4907,76.1019,5.07202,18.2288,50.1424,23376389,100.726
hypergirgs,gluten,0,180,1000000,100,0.6,2.2,0,24.1109,171.023,15.6424,53.0338,99.6447,47940824,95.8816
hypergirgs,gluten,0,190,2154434,100,0.6,2.2,0,25.7189,324.513,34.8462,68.8824,211.68,107819422,100.091
hypergirgs,gluten,0,200,4641588,100,0.6,2.2,0,27.3174,890.229,123.357,200.671,552.162,239081616,103.017
hypergirgs,gluten,0,210,10000000,100,0.6,2.2,0,28.9074,1723.97,256.226,388.089,1050.22,493683253,98.7367
hypergirgs,gluten,0,220,21544346,100,0.6,2.2,0,30.4901,3572.98,504.717,740.987,2263.42,1088225596,101.022
hypergirgs,gluten,0,230,46415888,100,0.6,2.2,0,32.0667,7566.66,1060,1723.11,4633.17,2330081296,100.4
hypergirgs,gluten,0,240,21544,1000,0.6,2.2,0,10.4538,50.2683,0.999869,22.8911,26.369,10320180,958.056
hypergirgs,gluten,0,250,46415,1000,0.6,2.2,0,12.309,62.0405,1.54011,21.1461,39.3463,21834170,940.824
hypergirgs,gluten,0,260,100000,1000,0.6,2.2,0,14.0941,90.4409,1.36442,14.7075,74.3604,48731461,974.629
hypergirgs,gluten,0,270,215443,1000,0.6,2.2,0,15.8305,183.258,2.38689,19.969,160.893,103223999,958.249
hypergirgs,gluten,0,280,464158,1000,0.6,2.2,0,17.5312,380.915,4.76066,15.3915,358.23,230104836,991.494
hypergirgs,gluten,0,290,1000000,1000,0.6,2.2,0,19.2046,807.399,15.8285,44.8047,744.139,490279419,980.559
hypergirgs,gluten,0,300,2154434,1000,0.6,2.2,0,20.8563,1763.12,34.8546,74.176,1645,1061291372,985.216
hypergirgs,gluten,0,310,4641588,1000,0.6,2.2,0,22.4907,4036.63,126.676,203.236,3692.68,2310323522,995.488
hypergirgs,gluten,0,320,10000000,1000,0.6,2.2,0,24.1108,8539.92,251.558,356.37,7902.66,4940874155,988.175
hypergirgs,gluten,0,330,21544346,1000,0.6,2.2,0,25.719,18410.3,515.557,735.825,17063.9,10654585109,989.084
hypergirgs,gluten,0,340,46415888,1000,0.6,2.2,0,27.3174,39103.3,1066.99,1476.58,36413.9,22957026844,989.188
hypergirgs,gluten,0,350,10000,10,1,3,0,15.683,33.7267,0.847872,24.8901,7.97944,49447,9.8894
hypergirgs,gluten,0,360,21544,10,1,3,0,17.2179,36.411,3.20472,26.2904,6.9023,104660,9.71593
hypergirgs,gluten,0,370,46415,10,1,3,0,18.7527,31.1219,4.0317,19.9397,7.13893,230884,9.94868
hypergirgs,gluten,0,380,100000,10,1,3,0,20.2913,36.1831,4.06895,24.0801,8.02391,507670,10.1534
hypergirgs,gluten,0,390,215443,10,1,3,0,21.8265,48.1762,7.64689,30.413,10.1065,1073093,9.96173
hypergirgs,gluten,0,400,464158,10,1,3,0,23.3616,68.6447,11.4384,38.1995,16.3693,2293581,9.88276
hypergirgs,gluten,0,410,1000000,10,1,3,0,24.8968,109.929,21.2122,54.5091,31.5676,5006396,10.0128
hypergirgs,gluten,0,420,2154434,10,1,3,0,26.4319,211.596,44.9659,96.4151,61.2896,10737154,9.96749
hypergirgs,gluten,0,430,4641588,10,1,3,0,27.9671,542.314,138.495,238.558,150.962,23174999,9.98581
hypergirgs,gluten,0,440,10000000,10,1,3,0,29.5022,1009.36,263.94,418.06,295.958,49971197,9.99424
hypergirgs,gluten,0,450,21544346,10,1,3,0,31.0374,1807.28,499.24,742.535,500.991,107530532,9.98225
hypergirgs,gluten,0,460,46415888,10,1,3,0,32.5725,3868.21,1004.5,1770.22,988.746,231724456,9.9847
hypergirgs,gluten,0,470,10000,100,1,3,0,11.0622,35.3606,0.859322,24.0371,10.4555,512023,102.405
hypergirgs,gluten,0,480,21544,100,1,3,0,12.6063,30.8103,1.18728,20.5041,9.1066,1071665,99.4862
hypergirgs,gluten,0,490,46415,100,1,3,0,14.1455,22.1802,3.20604,8.82224,10.1414,2294008,98.8477
hypergirgs,gluten,0,500,100000,100,1,3,0,15.683,29.9808,1.7851,12.7784,15.4075,4941640,98.8328
hypergirgs,gluten,0,510,215443,100,1,3,0,17.2191,49.4434,2.5169,21.0346,25.8818,10805354,100.308
hypergirgs,gluten,0,520,464158,100,1,3,0,18.7545,92.0007,4.75691,26.0843,57.7565,23272517,100.278
hypergirgs,gluten,0,530,1000000,100,1,3,0,20.2899,174.117,20.18,41.7884,109.653,50674259,101.349
hypergirgs,gluten,0,540,2154434,100,1,3,0,21.825,340.326,33.1295,73.7801,224.446,107960354,100.222
hypergirgs,gluten,0,550,4641588,100,1,3,0,23.36,817.943,119.459,201.471,482.901,232426812,100.15
hypergirgs,gluten,0,560,10000000,100,1,3,0,24.8951,1721.53,242.991,378.917,1049.6,499544583,99.9089
hypergirgs,gluten,0,570,21544346,100,1,3,0,26.4301,3612.12,553.582,730.508,2266.28,1077481433,100.025
hypergirgs,gluten,0,580,46415888,100,1,3,0,27.9655,7438.84,1013.9,1488.97,4795.09,2322472917,100.072
hypergirgs,gluten,0,590,21544,1000,1,3,0,7.93843,51.2351,0.733467,22.8654,27.6269,10734832,996.55
hypergirgs,gluten,0,600,46415,1000,1,3,0,9.50959,70.9711,3.3782,23.9688,43.6003,23195602,999.487
hypergirgs,gluten,0,610,100000,1000,1,3,0,11.0624,95.9975,1.51566,6.39103,88.075,49989555,999.791
hypergirgs,gluten,0,620,215443,1000,1,3,0,12.6062,208.218,2.2262,9.69497,196.288,108046542,1003.02
hypergirgs,gluten,0,630,464158,1000,1,3,0,14.1456,452.598,4.72094,15.9005,428.624,231286361,996.585
hypergirgs,gluten,0,640,1000000,1000,1,3,0,15.6828,975.172,20.4177,50.1729,902.068,502589623,1005.18
hypergirgs,gluten,0,650,2154434,1000,1,3,0,17.2189,2104.89,34.8332,81.9135,1976.32,1076034678,998.902
hypergirgs,gluten,0,660,4641588,1000,1,3,0,18.7545,4359.81,137.815,216.516,3992.83,2310691369,995.647
hypergirgs,gluten,0,670,10000000,1000,1,3,0,20.2899,9728.72,254.043,400.992,9048.1,4995689900,999.138
hypergirgs,gluten,0,680,21544346,1000,1,3,0,21.8251,20991.6,494.038,819.325,19591.1,10772190576,1000
hypergirgs,gluten,0,690,46415888,1000,1,3,0,23.3602,41602.9,1058.49,1543.61,38859.7,23188544178,999.164
hypergirgs,gluten,0,700,10000,10,0.6,2.2,0.5,20.9825,47.4555,0.854646,38.4434,8.12024,26292,5.2584
hypergirgs,gluten,0,710,21544,10,0.6,2.2,0.5,22.5176,42.7565,1.4251,27.5442,13.7507,85018,7.8925
hypergirgs,gluten,0,720,46415,10,0.6,2.2,0.5,24.0526,62.7172,1.64405,39.631,21.4099,174639,7.52511
hypergirgs,gluten,0,730,100000,10,0.6,2.2,0.5,25.5877,96.3176,1.72523,43.9907,50.5681,379887,7.59774
hypergirgs,gluten,0,740,215443,10,0.6,2.2,0.5,27.1228,153.406,3.05543,52.3327,97.9717,926226,8.59834
hypergirgs,gluten,0,750,464158,10,0.6,2.2,0.5,28.6578,286.599,6.25236,97.9954,178.719,1826808,7.87149
hypergirgs,gluten,0,760,1000000,10,0.6,2.2,0.5,30.1929,462.512,20.8885,100.355,336.634,4052571,8.10514
hypergirgs,gluten,0,770,2154434,10,0.6,2.2,0.5,31.7279,956.688,37.0493,176.739,731.474,8674742,8.05292
hypergirgs,gluten,0,780,4641588,10,0.6,2.2,0.5,33.263,1973.2,125.383,332.179,1496.5,20872174,8.99355
hypergirgs,gluten,0,790,10000000,10,0.6,2.2,0.5,34.7981,4018.55,288.702,629.906,3063.34,43814476,8.7629
hypergirgs,gluten,0,800,21544346,10,0.6,2.2,0.5,36.3331,8223.55,499.82,1258.79,6391.85,93414289,8.67181
hypergirgs,gluten,0,810,46415888,10,0.6,2.2,0.5,37.8682,17354,1053.97,2420.3,13730.2,201182690,8.6687
hypergirgs,gluten,0,820,10000,100,0.6,2.2,0.5,16.3774,17.4149,0.84936,7.57174,8.9745,253719,50.7438
hypergirgs,gluten,0,830,21544,100,0.6,2.2,0.5,17.9124,54.4512,1.30466,35.0759,18.0532,600274,55.7254
hypergirgs,gluten,0,840,46415,100,0.6,2.2,0.5,19.4475,53.5549,1.79497,24.7306,27.006,1307244,56.3285
hypergirgs,gluten,0,850,100000,100,0.6,2.2,0.5,20.9825,73.0368,1.62924,19.668,51.7098,3011907,60.2381
hypergirgs,gluten,0,860,215443,100,0.6,2.2,0.5,22.5176,146.438,2.17015,27.6438,116.594,7358948,68.3146
hypergirgs,gluten,0,870,464158,100,0.6,2.2,0.5,24.0527,304.044,5.1333,37.4292,261.39,16605220,71.5499
hypergirgs,gluten,0,880,1000000,100,0.6,2.2,0.5,25.5877,662.502,10.4197,67.6007,581.808,35212635,70.4253
hypergirgs,gluten,0,890,2154434,100,0.6,2.2,0.5,27.1228,1515.49,37.1137,113.408,1355.88,79937372,74.2073
hypergirgs,gluten,0,900,4641588,100,0.6,2.2,0.5,28.6578,3516.39,142.856,245.955,3102.45,193048747,83.1822
hypergirgs,gluten,0,910,10000000,100,0.6,2.2,0.5,30.1929,7675.32,298.872,444.064,6903.1,414416553,82.8833
hypergirgs,gluten,0,920,21544346,100,0.6,2.2,0.5,31.7279,16713.7,603.075,1079.15,14946.1,904054987,83.925
hypergirgs,gluten,0,930,46415888,100,0.6,2.2,0.5,33.263,35625,1073.9,1748.4,32690.3,1948996564,83.9797
hypergirgs,gluten,0,940,21544,1000,0.6,2.2,0.5,13.3072,109.252,1.46254,37.1242,70.6494,4264495,395.887
hypergirgs,gluten,0,950,46415,1000,0.6,2.2,0.5,14.8423,162.691,3.89749,27.6019,131.156,10630591,458.067
hypergirgs,gluten,0,960,100000,1000,0.6,2.2,0.5,16.3774,340.039,1.5379,18.7211,319.352,25019003,500.38
hypergirgs,gluten,0,970,215443,1000,0.6,2.2,0.5,17.9124,785.329,2.6356,17.5633,764.752,61088895,567.1
hypergirgs,gluten,0,980,464158,1000,0.6,2.2,0.5,19.4475,1841.86,8.41788,34.6006,1798.81,137338683,591.776
hypergirgs,gluten,0,990,1000000,1000,0.6,2.2,0.5,20.9825,4213.26,17.6381,66.0646,4126.74,312365643,624.731
hypergirgs,gluten,0,1000,2154434,1000,0.6,2.2,0.5,22.5176,9958.27,41.724,116.939,9784.16,726289251,674.227
hypergirgs,gluten,0,1010,4641588,1000,0.6,2.2,0.5,24.0527,23034.5,159.382,244.393,22616.1,1634513165,704.29
hypergirgs,gluten,0,1020,10000000,1000,0.6,2.2,0.5,25.5877,52518.4,298.176,412.999,51756.6,3728047295,745.609
hypergirgs,gluten,0,1030,21544346,1000,0.6,2.2,0.5,27.1228,118034,582.966,783.832,116571,8298801077,770.392
hypergirgs,gluten,0,1050,10000,10,1,3,0.5,16.5881,46.2949,1.09297,37.2827,7.88995,49952,9.9904
hypergirgs,gluten,0,1060,21544,10,1,3,0.5,18.1231,52.8296,4.98569,38.4197,9.40278,106810,9.91552
hypergirgs,gluten,0,1070,46415,10,1,3,0.5,19.6582,49.6977,3.67869,33.8677,12.1276,240474,10.3619
hypergirgs,gluten,0,1080,100000,10,1,3,0.5,21.1933,62.0011,5.87299,35.5473,20.5581,501856,10.0371
hypergirgs,gluten,0,1090,215443,10,1,3,0.5,22.7283,96.4994,9.54027,46.5098,40.4206,1087837,10.0986
hypergirgs,gluten,0,1100,464158,10,1,3,0.5,24.2634,114.017,4.60382,39.1754,69.9445,2323774,10.0129
hypergirgs,gluten,0,1110,1000000,10,1,3,0.5,25.7984,262.929,9.69321,69.3678,180.91,4994570,9.98914
hypergirgs,gluten,0,1120,2154434,10,1,3,0.5,27.3335,519.932,37.8558,109.328,363.433,10721945,9.95338
hypergirgs,gluten,0,1130,4641588,10,1,3,0.5,28.8686,1137.02,118.995,241.554,762.287,23217598,10.0042
hypergirgs,gluten,0,1140,10000000,10,1,3,0.5,30.4036,2324.86,280.044,463.656,1528.71,50044469,10.0089
hypergirgs,gluten,0,1150,21544346,10,1,3,0.5,31.9387,4672.9,548.931,919.804,3141.88,107688173,9.99688
hypergirgs,gluten,0,1160,46415888,10,1,3,0.5,33.4737,9584.5,1008.06,1909.75,6558.25,232050218,9.99874
hypergirgs,gluten,0,1170,10000,100,1,3,0.5,11.9829,36.3487,0.865169,17.0188,18.4519,507182,101.436
hypergirgs,gluten,0,1180,21544,100,1,3,0.5,13.518,49.0987,4.92228,21.1853,22.9766,1074796,99.7768
hypergirgs,gluten,0,1190,46415,100,1,3,0.5,15.053,58.31,1.33921,13.5419,43.2824,2306114,99.3693
hypergirgs,gluten,0,1200,100000,100,1,3,0.5,16.5881,103.363,1.67428,19.8309,81.8386,4965955,99.3191
hypergirgs,gluten,0,1210,215443,100,1,3,0.5,18.1232,195.15,2.15232,17.294,175.383,10765800,99.9411
hypergirgs,gluten,0,1220,464158,100,1,3,0.5,19.6582,410.005,5.0444,28.6316,376.238,23385069,100.763
hypergirgs,gluten,0,1230,1000000,100,1,3,0.5,21.1933,876.316,9.671,65.4864,798.449,49947378,99.8948
hypergirgs,gluten,0,1240,2154434,100,1,3,0.5,22.7283,1841.9,25.1346,86.3669,1721.34,107582597,99.8709
hypergirgs,gluten,0,1250,4641588,100,1,3,0.5,24.2634,4139.19,118.202,235.038,3771.74,231754545,99.86
hypergirgs,gluten,0,1260,10000000,100,1,3,0.5,25.7984,8709.42,244.012,392.463,8043.04,499208664,99.8417
hypergirgs,gluten,0,1270,21544346,100,1,3,0.5,27.3335,18910.9,484.626,843.201,17490.5,1077724742,100.047
hypergirgs,gluten,0,1280,46415888,100,1,3,0.5,28.8686,40224.7,1057.91,1564.99,37436.6,2320944920,100.006
hypergirgs,gluten,0,1290,21544,1000,1,3,0.5,8.91278,191.899,1.48877,27.0651,163.334,10114927,939.002
hypergirgs,gluten,0,1300,46415,1000,1,3,0.5,10.4478,348.286,0.996297,4.28878,342.741,23006988,991.36
hypergirgs,gluten,0,1310,100000,1000,1,3,0.5,11.9829,773.559,1.46479,8.86665,763.214,49255941,985.119
hypergirgs,gluten,0,1320,215443,1000,1,3,0.5,13.518,1680.4,2.19059,22.0908,1656.1,107666772,999.492
hypergirgs,gluten,0,1330,464158,1000,1,3,0.5,15.053,3638.01,9.14459,46.8289,3582.01,231187057,996.157
hypergirgs,gluten,0,1340,1000000,1000,1,3,0.5,16.5881,7765.69,18.5363,71.8031,7671.4,498252171,996.504
hypergirgs,gluten,0,1350,2154434,1000,1,3,0.5,18.1232,16795.7,46.0609,115.316,16620.5,1073779894,996.809
hypergirgs,gluten,0,1360,4641588,1000,1,3,0.5,19.6582,36603.7,158.031,236.566,36196.4,2315492769,997.716
hypergirgs,gluten,0,1370,10000000,1000,1,3,0.5,21.1933,78531,290.154,436.305,77754.4,5003145698,1000.63
hypergirgs,gluten,0,1380,21544346,1000,1,3,0.5,22.7283,168914,539.88,817.483,167463,10782799577,1000.99
hypergirgs,gluten,0,1400,10000,10,0.6,2.2,0.9,24.5068,58.2242,1.09492,41.008,16.0908,19690,3.938
hypergirgs,gluten,0,1410,21544,10,0.6,2.2,0.9,26.0419,66.5185,1.42079,39.0443,26.0176,40023,3.71547
hypergirgs,gluten,0,1420,46415,10,0.6,2.2,0.9,27.5769,104.014,1.28597,36.823,65.8686,92032,3.96561
hypergirgs,gluten,0,1430,100000,10,0.6,2.2,0.9,29.112,175.189,2.13065,50.1195,122.884,250563,5.01126
hypergirgs,gluten,0,1440,215443,10,0.6,2.2,0.9,30.6471,348.696,2.41968,115.666,227.778,566690,5.2607
hypergirgs,gluten,0,1450,464158,10,0.6,2.2,0.9,32.1821,560.523,8.16973,134.994,413.17,1257872,5.42002
hypergirgs,gluten,0,1460,1000000,10,0.6,2.2,0.9,33.7172,1070.45,16.2277,189.141,854.919,2572982,5.14596
hypergirgs,gluten,0,1470,2154434,10,0.6,2.2,0.9,35.2522,2066.51,26.9,305.852,1710.4,5925926,5.50114
hypergirgs,gluten,0,1480,4641588,10,0.6,2.2,0.9,36.7873,4514.18,120.668,681.835,3666.19,13497335,5.81583
hypergirgs,gluten,0,1490,10000000,10,0.6,2.2,0.9,38.3224,9144,243.288,1299.24,7515.53,30426201,6.08524
hypergirgs,gluten,0,1500,21544346,10,0.6,2.2,0.9,39.8574,22943.6,530.815,3040.06,19163.1,67386530,6.25561
hypergirgs,gluten,0,1510,46415888,10,0.6,2.2,0.9,41.3925,40435.8,1050.01,5020.4,33999.6,151435171,6.52514
hypergirgs,gluten,0,1520,10000,100,0.6,2.2,0.9,19.9017,51.2109,0.851296,37.6061,12.7342,122778,24.5556
hypergirgs,gluten,0,1530,21544,100,0.6,2.2,0.9,21.4367,62.3284,4.82666,41.0289,16.4471,300344,27.8819
hypergirgs,gluten,0,1540,46415,100,0.6,2.2,0.9,22.9717,65.0809,3.72389,36.679,24.6503,732169,31.5488
hypergirgs,gluten,0,1550,100000,100,0.6,2.2,0.9,24.5068,79.753,1.38381,26.4749,51.8642,1661948,33.239
hypergirgs,gluten,0,1560,215443,100,0.6,2.2,0.9,26.0419,155.047,2.12028,35.4023,117.485,4010123,37.2268
hypergirgs,gluten,0,1570,464158,100,0.6,2.2,0.9,27.5769,340.724,4.74181,49.0102,286.89,10188739,43.902
hypergirgs,gluten,0,1580,1000000,100,0.6,2.2,0.9,29.112,766.393,10.7421,87.4338,665.367,22498505,44.997
hypergirgs,gluten,0,1590,2154434,100,0.6,2.2,0.9,30.6471,1727.42,41.2383,150.087,1525.1,51590870,47.8927
hypergirgs,gluten,0,1600,4641588,100,0.6,2.2,0.9,32.1821,3913.04,127.865,311.008,3458.02,118647584,51.1237
hypergirgs,gluten,0,1610,10000000,100,0.6,2.2,0.9,33.7172,8882.67,294.776,594.87,7960.71,275192654,55.0385
hypergirgs,gluten,0,1620,21544346,100,0.6,2.2,0.9,35.2522,19838,497.833,1096.88,18179.1,610643692,56.6871
hypergirgs,gluten,0,1630,46415888,100,0.6,2.2,0.9,36.7873,44673.9,1061.43,2199.11,41282,1368025429,58.9464
hypergirgs,gluten,0,1640,21544,1000,0.6,2.2,0.9,16.8315,95.2397,1.39947,44.7817,49.0345,2109979,195.876
hypergirgs,gluten,0,1650,46415,1000,0.6,2.2,0.9,18.3666,114.175,1.28727,14.5256,98.3383,5527765,238.189
hypergirgs,gluten,0,1660,100000,1000,0.6,2.2,0.9,19.9017,264.974,1.53552,26.7319,236.614,12954329,259.087
hypergirgs,gluten,0,1670,215443,1000,0.6,2.2,0.9,21.4367,597.977,2.67454,38.4346,556.84,30902351,286.873
hypergirgs,gluten,0,1680,464158,1000,0.6,2.2,0.9,22.9718,1434.55,5.53483,54.9299,1374.03,76365003,329.047
hypergirgs,gluten,0,1690,1000000,1000,0.6,2.2,0.9,24.5068,3444.91,19.2461,86.9074,3335.88,180367639,360.735
hypergirgs,gluten,0,1700,2154434,1000,0.6,2.2,0.9,26.0419,8274.08,41.4605,130.809,8087.72,417557442,387.626
hypergirgs,gluten,0,1710,4641588,1000,0.6,2.2,0.9,27.577,19856,151.24,232.004,19458.5,979308905,421.971
hypergirgs,gluten,0,1720,10000000,1000,0.6,2.2,0.9,29.112,47475.3,251.879,418.7,46754.6,2265110826,453.022
hypergirgs,gluten,0,1730,21544346,1000,0.6,2.2,0.9,30.6471,112601,546.241,830.323,111126,5209902879,483.645
hypergirgs,gluten,0,1750,10000,10,1,3,0.9,20.1124,53.5008,1.16586,41.7624,10.5456,31838,6.3676
hypergirgs,gluten,0,1760,21544,10,1,3,0.9,21.6474,68.4548,4.4993,51.9137,12.0185,71100,6.60045
hypergirgs,gluten,0,1770,46415,10,1,3,0.9,23.1825,57.4177,4.0976,37.8335,15.4624,156455,6.74157
hypergirgs,gluten,0,1780,100000,10,1,3,0.9,24.7176,69.9129,3.47746,24.1359,42.2795,350086,7.00172
hypergirgs,gluten,0,1790,215443,10,1,3,0.9,26.2526,148.072,10.4613,53.5511,84.0298,792328,7.35534
hypergirgs,gluten,0,1800,464158,10,1,3,0.9,27.7877,239.631,5.4159,74.542,159.566,1756101,7.56682
hypergirgs,gluten,0,1810,1000000,10,1,3,0.9,29.3227,405.387,9.83553,90.4648,302.015,3893037,7.78607
hypergirgs,gluten,0,1820,2154434,10,1,3,0.9,30.8578,790.542,27.8281,139.92,611.452,8523906,7.9129
hypergirgs,gluten,0,1830,4641588,10,1,3,0.9,32.3928,1700.63,118.176,309.566,1256.5,18809841,8.10492
hypergirgs,gluten,0,1840,10000000,10,1,3,0.9,33.9279,3514.56,284.865,600.426,2597.18,41437372,8.28747
hypergirgs,gluten,0,1850,21544346,10,1,3,0.9,35.463,7270.99,489.406,1087.41,5628.02,90450784,8.39671
hypergirgs,gluten,0,1860,46415888,10,1,3,0.9,36.998,16116.9,1047.94,2294.25,12597.2,197940952,8.52902
hypergirgs,gluten,0,1870,10000,100,1,3,0.9,15.5072,45.6498,0.847855,31.4715,13.3144,257784,51.5568
hypergirgs,gluten,0,1880,21544,100,1,3,0.9,17.0422,60.6736,1.29032,37.3977,21.9659,598805,55.589
hypergirgs,gluten,0,1890,46415,100,1,3,0.9,18.5773,64.9238,2.29668,28.3687,34.24,1362192,58.6962
hypergirgs,gluten,0,1900,100000,100,1,3,0.9,20.1124,100.238,1.73048,25.4792,73.0041,3146522,62.9304
hypergirgs,gluten,0,1910,215443,100,1,3,0.9,21.6474,190.06,2.07069,24.7795,163.134,7078130,65.7077
hypergirgs,gluten,0,1920,464158,100,1,3,0.9,23.1825,402.42,4.6936,33.5305,364.164,15778616,67.9881
hypergirgs,gluten,0,1930,1000000,100,1,3,0.9,24.7176,918.004,9.45868,70.2914,835.383,35557149,71.1143
hypergirgs,gluten,0,1940,2154434,100,1,3,0.9,26.2526,2035.12,24.9663,83.7283,1917.26,79106987,73.4364
hypergirgs,gluten,0,1950,4641588,100,1,3,0.9,27.7877,4813.92,118.921,237.115,4432.94,175522522,75.6304
hypergirgs,gluten,0,1960,10000000,100,1,3,0.9,29.3227,10757.7,271.272,426.128,10010.5,387472997,77.4946
hypergirgs,gluten,0,1970,21544346,100,1,3,0.9,30.8578,23959.5,557.922,784.115,22523.6,855346478,79.4033
hypergirgs,gluten,0,1980,46415888,100,1,3,0.9,32.3928,53070.9,1055.11,1810.26,50058.1,1881589528,81.0752
hypergirgs,gluten,0,1990,21544,1000,1,3,0.9,12.4371,128.229,1.47998,20.925,105.787,4647926,431.482
hypergirgs,gluten,0,2000,46415,1000,1,3,0.9,13.9721,221.98,1.32635,8.53843,212.078,10968460,472.626
hypergirgs,gluten,0,2010,100000,1000,1,3,0.9,15.5072,532.596,1.48725,20.5278,510.514,25945825,518.917
hypergirgs,gluten,0,2020,215443,1000,1,3,0.9,17.0423,1206.72,7.70224,21.6014,1177.1,59523288,552.566
hypergirgs,gluten,0,2030,464158,1000,1,3,0.9,18.5773,2861.14,6.96286,56.0959,2798.05,137207738,591.211
hypergirgs,gluten,0,2040,1000000,1000,1,3,0.9,20.1124,6645.7,19.1413,80.2004,6541.65,314179112,628.358
hypergirgs,gluten,0,2050,2154434,1000,1,3,0.9,21.6474,15437.2,42.7372,109.74,15269.5,706743398,656.083
hypergirgs,gluten,0,2060,4641588,1000,1,3,0.9,23.1825,36202.1,140.298,230.678,35805.7,1586363670,683.544
hypergirgs,gluten,0,2070,10000000,1000,1,3,0.9,24.7176,83002,266.296,435.832,82251.1,3549342303,709.868
hypergirgs,gluten,0,2080,21544346,1000,1,3,0.9,26.2526,189771,527.614,727.183,188420,7900671845,733.433
hypergirgs,gluten,1,2100,10000,10,0.6,2.2,0,19.2056,6.82506,1.15194,1.72053,3.94274,55146,11.0292
hypergirgs,gluten,1,2110,21544,10,0.6,2.2,0,20.8558,37.1465,1.4143,27.7508,7.68831,102617,9.52627
hypergirgs,gluten,1,2120,46415,10,0.6,2.2,0,22.4896,23.7389,1.97193,15.2471,6.50559,241596,10.4103
hypergirgs,gluten,1,2130,100000,10,0.6,2.2,0,24.112,25.9881,2.01571,14.8082,9.15236,511779,10.2356
hypergirgs,gluten,1,2140,215443,10,0.6,2.2,0,25.7171,42.8074,2.59467,26.0729,14.1295,1088882,10.1083
hypergirgs,gluten,1,2150,464158,10,0.6,2.2,0,27.3193,48.3194,5.00303,18.7516,24.5531,2488054,10.7207
hypergirgs,gluten,1,2160,1000000,10,0.6,2.2,0,28.9054,123.157,10.8351,50.9101,58.7299,4840674,9.68135
hypergirgs,gluten,1,2170,2154434,10,0.6,2.2,0,30.488,256.147,28.3259,96.9526,119.813,9731320,9.03376
hypergirgs,gluten,1,2180,4641588,10,0.6,2.2,0,32.0655,692.701,130.41,263.151,283.294,23109091,9.95741
hypergirgs,gluten,1,2190,10000000,10,0.6,2.2,0,33.6363,1418.13,299.04,513.596,557.075,49987413,9.99748
hypergirgs,gluten,1,2200,21544346,10,0.6,2.2,0,35.2051,2701.9,557.901,986.083,1094.5,104521598,9.70293
hypergirgs,gluten,1,2210,46415888,10,0.6,2.2,0,36.7676,6151.4,1067.21,2326.57,2623.32,246278680,10.6118
hypergirgs,gluten,1,2220,10000,100,0.6,2.2,0,14.0942,19.4513,0.852967,12.9927,5.59573,470987,94.1974
hypergirgs,gluten,1,2230,21544,100,0.6,2.2,0,15.8307,28.8813,2.56541,19.4655,6.83981,1059599,98.366
hypergirgs,gluten,1,2240,46415,100,0.6,2.2,0,17.531,22.589,3.53369,12.0841,6.96246,2266939,97.6813
hypergirgs,gluten,1,2250,100000,100,0.6,2.2,0,19.2046,21.2031,1.46911,7.37359,12.3503,4926761,98.5352
hypergirgs,gluten,1,2260,215443,100,0.6,2.2,0,20.8564,49.605,2.33323,22.1989,25.0647,10457309,97.0773
hypergirgs,gluten,1,2270,464158,100,0.6,2.2,0,22.4907,93.6727,12.1901,35.5825,45.8881,22722733,97.9095
hypergirgs,gluten,1,2280,1000000,100,0.6,2.2,0,24.1109,163.695,10.3941,42.9507,107.545,49371486,98.743
hypergirgs,gluten,1,2290,2154434,100,0.6,2.2,0,25.7189,333.64,31.2924,75.5895,217.258,111104538,103.14
hypergirgs,gluten,1,2300,4641588,100,0.6,2.2,0,27.3174,805.259,125.328,193.373,472.273,229262444,98.7862
hypergirgs,gluten,1,2310,10000000,100,0.6,2.2,0,28.9074,1757.6,296.707,362.93,1068.27,495605614,99.1211
hypergirgs,gluten,1,2320,21544346,100,0.6,2.2,0,30.4901,3626.39,511.147,749.51,2301.1,1101536218,102.258
hypergirgs,gluten,1,2330,46415888,100,0.6,2.2,0,32.0667,7852.93,1099.74,1683.75,4922.26,2425936119,104.53
hypergirgs,gluten,1,2340,21544,1000,0.6,2.2,0,10.4538,68.9292,1.44503,31.2323,36.2437,9806820,910.399
hypergirgs,gluten,1,2350,46415,1000,0.6,2.2,0,12.309,67.6516,3.2296,23.9144,40.4998,22060663,950.583
hypergirgs,gluten,1,2360,100000,1000,0.6,2.2,0,14.0941,93.5113,1.64788,13.8416,78.0129,49131456,982.629
hypergirgs,gluten,1,2370,215443,1000,0.6,2.2,0,15.8305,177.537,2.21863,9.20251,166.094,104791540,972.801
hypergirgs,gluten,1,2380,464158,1000,0.6,2.2,0,17.5312,390.755,4.83734,17.5123,368.392,232868767,1003.4
hypergirgs,gluten,1,2390,1000000,1000,0.6,2.2,0,19.2046,803.109,10.1325,41.247,749.191,495290697,990.581
hypergirgs,gluten,1,2400,2154434,1000,0.6,2.2,0,20.8563,1777.68,27.1173,74.9825,1666.39,1071155054,994.373
hypergirgs,gluten,1,2410,4641588,1000,0.6,2.2,0,22.4907,4082.35,141.859,220.9,3705.35,2332379869,1004.99
hypergirgs,gluten,1,2420,10000000,1000,0.6,2.2,0,24.1108,8560.03,257.099,398.805,7853.14,4913212774,982.643
hypergirgs,gluten,1,2430,21544346,1000,0.6,2.2,0,25.719,18538.6,581.187,713.603,17180.9,10827981379,1005.18
hypergirgs,gluten,1,2440,46415888,1000,0.6,2.2,0,27.3174,38928.3,1069.68,1448.63,36269,22890396437,986.317
hypergirgs,gluten,1,2450,10000,10,1,3,0,15.683,8.95223,0.850553,1.33626,6.75786,48898,9.7796
hypergirgs,gluten,1,2460,21544,10,1,3,0,17.2179,26.8587,1.41186,20.4001,5.0328,106603,9.89631
hypergirgs,gluten,1,2470,46415,10,1,3,0,18.7527,37.2601,2.04174,27.2113,7.99468,229728,9.89887
hypergirgs,gluten,1,2480,100000,10,1,3,0,20.2913,39.8172,4.76629,28.2184,6.82502,497146,9.94292
hypergirgs,gluten,1,2490,215443,10,1,3,0,21.8265,56.1251,10.5082,33.9253,11.6813,1061580,9.85486
hypergirgs,gluten,1,2500,464158,10,1,3,0,23.3616,65.8258,11.4047,39.8487,14.5612,2307773,9.94391
hypergirgs,gluten,1,2510,1000000,10,1,3,0,24.8968,101.251,15.7021,54.1891,28.5012,5002405,10.0048
hypergirgs,gluten,1,2520,2154434,10,1,3,0,26.4319,175.518,27.9504,79.2914,59.0953,10758916,9.9877
hypergirgs,gluten,1,2530,4641588,10,1,3,0,27.9671,484.057,114.528,202.351,143.991,23189094,9.99188
hypergirgs,gluten,1,2540,10000000,10,1,3,0,29.5022,962.927,268.7,403.515,258.043,49831212,9.96624
hypergirgs,gluten,1,2550,21544346,10,1,3,0,31.0374,1924.76,564.991,793.204,497.653,107457514,9.97547
hypergirgs,gluten,1,2560,46415888,10,1,3,0,32.5725,3896.45,1022.75,1743.13,982.681,232062965,9.99929
hypergirgs,gluten,1,2570,10000,100,1,3,0,11.0622,35.3837,0.922605,24.1853,10.2606,525021,105.004
hypergirgs,gluten,1,2580,21544,100,1,3,0,12.6063,19.3798,4.82969,4.87345,9.66256,1052331,97.6913
hypergirgs,gluten,1,2590,46415,100,1,3,0,14.1455,18.2143,3.27555,4.08665,10.8406,2300033,99.1073
hypergirgs,gluten,1,2600,100000,100,1,3,0,15.683,35.4647,1.9847,17.0433,16.425,5106994,102.14
hypergirgs,gluten,1,2610,215443,100,1,3,0,17.2191,40.6066,2.65484,9.82324,28.1178,10583213,98.2461
hypergirgs,gluten,1,2620,464158,100,1,3,0,18.7545,73.0153,5.31513,18.6492,49.0404,23257659,100.214
hypergirgs,gluten,1,2630,1000000,100,1,3,0,20.2899,167.34,10.1376,41.7937,112.842,49865594,99.7312
hypergirgs,gluten,1,2640,2154434,100,1,3,0,21.825,328.336,25.4063,71.9833,221.759,107521097,99.8138
hypergirgs,gluten,1,2650,4641588,100,1,3,0,23.36,856.715,116.785,214.298,511.388,232027842,99.9778
hypergirgs,gluten,1,2660,10000000,100,1,3,0,24.8951,1679.62,243.539,354.48,1052.02,498862959,99.7726
hypergirgs,gluten,1,2670,21544346,100,1,3,0,26.4301,3566.54,515.233,750.48,2238.13,1078997060,100.165
hypergirgs,gluten,1,2680,46415888,100,1,3,0,27.9655,7521.45,1046.86,1517.69,4788.25,2321273407,100.021
hypergirgs,gluten,1,2690,21544,1000,1,3,0,7.93843,53.4176,1.06437,15.365,36.9617,10863459,1008.49
hypergirgs,gluten,1,2700,46415,1000,1,3,0,9.50959,72.5243,1.80181,16.5072,53.965,23478515,1011.68
hypergirgs,gluten,1,2710,100000,1000,1,3,0,11.0624,104.598,1.62439,15.8156,87.129,49701107,994.022
hypergirgs,gluten,1,2720,215443,1000,1,3,0,12.6062,204.984,2.29598,9.57713,193.102,106273936,986.562
hypergirgs,gluten,1,2730,464158,1000,1,3,0,14.1456,453.893,4.72635,15.869,433.015,233395770,1005.67
hypergirgs,gluten,1,2740,1000000,1000,1,3,0,15.6828,960.126,14.7526,40.3718,902.085,499365433,998.731
hypergirgs,gluten,1,2750,2154434,1000,1,3,0,17.2189,2139.89,41.0551,117.965,1972.38,1075762602,998.65
hypergirgs,gluten,1,2760,4641588,1000,1,3,0,18.7545,4408.74,143.293,215.891,4036.65,2320003536,999.659
hypergirgs,gluten,1,2770,10000000,1000,1,3,0,20.2899,9749.2,254.419,403.807,9065.1,4999360664,999.872
hypergirgs,gluten,1,2780,21544346,1000,1,3,0,21.8251,21531,493.764,782.753,20159.9,10788264855,1001.49
hypergirgs,gluten,1,2790,46415888,1000,1,3,0,23.3602,41706.3,1116.18,1548.97,38900.1,23210011853,1000.09
hypergirgs,gluten,1,2800,10000,10,0.6,2.2,0.5,20.9825,34.0127,0.860686,26.8433,6.28361,27392,5.4784
hypergirgs,gluten,1,2810,21544,10,0.6,2.2,0.5,22.5176,62.091,1.23433,45.9859,14.839,67145,6.23329
hypergirgs,gluten,1,2820,46415,10,0.6,2.2,0.5,24.0526,78.8444,3.70722,50.6105,24.4935,167760,7.2287
hypergirgs,gluten,1,2830,100000,10,0.6,2.2,0.5,25.5877,81.8094,4.55564,33.2717,43.9484,386367,7.72734
hypergirgs,gluten,1,2840,215443,10,0.6,2.2,0.5,27.1228,142.582,2.76403,50.9738,88.8029,774201,7.18706
hypergirgs,gluten,1,2850,464158,10,0.6,2.2,0.5,28.6578,236.231,5.63786,54.0944,176.154,1921479,8.27942
hypergirgs,gluten,1,2860,1000000,10,0.6,2.2,0.5,30.1929,479.054,17.5455,115.265,340.14,4317677,8.63535
hypergirgs,gluten,1,2870,2154434,10,0.6,2.2,0.5,31.7279,964.523,45.9687,177.339,729.71,8456719,7.85053
hypergirgs,gluten,1,2880,4641588,10,0.6,2.2,0.5,33.263,1984.77,141.192,337.8,1486.62,18276282,7.87501
hypergirgs,gluten,1,2890,10000000,10,0.6,2.2,0.5,34.7981,3992.03,248.543,626.614,3080.15,43610083,8.72202
hypergirgs,gluten,1,2900,21544346,10,0.6,2.2,0.5,36.3331,8271.85,527.982,1245.69,6425.03,92865449,8.62086
hypergirgs,gluten,1,2910,46415888,10,0.6,2.2,0.5,37.8682,17483,1054.34,2467.52,13811.2,200940098,8.65825
hypergirgs,gluten,1,2920,10000,100,0.6,2.2,0.5,16.3774,29.4021,0.850879,20.0277,8.50449,253689,50.7378
hypergirgs,gluten,1,2930,21544,100,0.6,2.2,0.5,17.9124,41.3039,1.21427,24.8893,15.1788,589573,54.732
hypergirgs,gluten,1,2940,46415,100,0.6,2.2,0.5,19.4475,46.0177,1.35461,14.1851,30.4536,1514939,65.278
hypergirgs,gluten,1,2950,100000,100,0.6,2.2,0.5,20.9825,75.8453,1.90673,19.8366,54.0759,3156794,63.1359
hypergirgs,gluten,1,2960,215443,100,0.6,2.2,0.5,22.5176,148.022,2.08574,27.4322,118.393,7595592,70.5114
hypergirgs,gluten,1,2970,464158,100,0.6,2.2,0.5,24.0527,299.49,5.08526,37.2698,257.04,15817153,68.1542
hypergirgs,gluten,1,2980,1000000,100,0.6,2.2,0.5,25.5877,668.858,10.3455,60.884,594.893,36598883,73.1978
hypergirgs,gluten,1,2990,2154434,100,0.6,2.2,0.5,27.1228,1467.87,27.1708,99.8768,1331.71,81608932,75.759
hypergirgs,gluten,1,3000,4641588,100,0.6,2.2,0.5,28.6578,3444.62,127.337,247.704,3055.4,182371688,78.5816
hypergirgs,gluten,1,3010,10000000,100,0.6,2.2,0.5,30.1929,7282.32,256.606,407.183,6589.18,396508709,79.3017
hypergirgs,gluten,1,3020,21544346,100,0.6,2.2,0.5,31.7279,16202.6,511.26,924.275,14683,865747622,80.3689
hypergirgs,gluten,1,3030,46415888,100,0.6,2.2,0.5,33.263,36196,1073.05,1822.76,33193.6,1991803929,85.8242
hypergirgs,gluten,1,3040,21544,1000,0.6,2.2,0.5,13.3072,107.816,3.0205,40.3576,64.4182,4649229,431.603
hypergirgs,gluten,1,3050,46415,1000,0.6,2.2,0.5,14.8423,152.35,1.16942,25.622,125.541,10432091,449.514
hypergirgs,gluten,1,3060,100000,1000,0.6,2.2,0.5,16.3774,331.314,1.35493,11.9061,318.01,25713389,514.268
hypergirgs,gluten,1,3070,215443,1000,0.6,2.2,0.5,17.9124,770.408,2.25171,17.227,750.894,59330754,550.779
hypergirgs,gluten,1,3080,464158,1000,0.6,2.2,0.5,19.4475,1871.13,7.13795,55.1734,1808.76,139812981,602.437
hypergirgs,gluten,1,3090,1000000,1000,0.6,2.2,0.5,20.9825,4587.47,19.9173,69.9997,4495.15,321193359,642.387
hypergirgs,gluten,1,3100,2154434,1000,0.6,2.2,0.5,22.5176,10069.6,40.6255,117.067,9896.15,739749134,686.722
hypergirgs,gluten,1,3110,4641588,1000,0.6,2.2,0.5,24.0527,22657.6,151.405,240.005,22240.5,1616145286,696.376
hypergirgs,gluten,1,3120,10000000,1000,0.6,2.2,0.5,25.5877,51727,321.25,380.584,50995.7,3659947202,731.989
hypergirgs,gluten,1,3130,21544346,1000,0.6,2.2,0.5,27.1228,118514,554.465,771.675,117126,8364975911,776.536
hypergirgs,gluten,1,3150,10000,10,1,3,0.5,16.5881,19.9399,0.872005,14.9913,4.06032,50742,10.1484
hypergirgs,gluten,1,3160,21544,10,1,3,0.5,18.1231,45.1964,1.62627,35.714,7.83733,107307,9.96166
hypergirgs,gluten,1,3170,46415,10,1,3,0.5,19.6582,23.98,1.33879,12.6586,9.96342,230667,9.93933
hypergirgs,gluten,1,3180,100000,10,1,3,0.5,21.1933,39.0177,1.29848,19.2204,18.2366,489541,9.79082
hypergirgs,gluten,1,3190,215443,10,1,3,0.5,22.7283,67.5359,2.28195,25.997,39.2345,1074651,9.9762
hypergirgs,gluten,1,3200,464158,10,1,3,0.5,24.2634,108.609,4.51328,34.9692,69.0951,2314393,9.97244
hypergirgs,gluten,1,3210,1000000,10,1,3,0.5,25.7984,235.932,9.52187,64.024,159.632,4987978,9.97596
hypergirgs,gluten,1,3220,2154434,10,1,3,0.5,27.3335,493.018,25.9136,91.5138,359.295,10808798,10.034
hypergirgs,gluten,1,3230,4641588,10,1,3,0.5,28.8686,1154.25,140.788,241.42,757.882,23208656,10.0003
hypergirgs,gluten,1,3240,10000000,10,1,3,0.5,30.4036,2282.62,284.218,448.845,1518.25,50112046,10.0224
hypergirgs,gluten,1,3250,21544346,10,1,3,0.5,31.9387,4624.53,488.186,904.151,3151.08,107860589,10.0129
hypergirgs,gluten,1,3260,46415888,10,1,3,0.5,33.4737,9567.53,1019.52,1826.85,6571.42,231951067,9.99447
hypergirgs,gluten,1,3270,10000,100,1,3,0.5,11.9829,49.6855,0.932318,29.3329,19.404,499916,99.9832
hypergirgs,gluten,1,3280,21544,100,1,3,0.5,13.518,57.0428,4.42973,26.1152,26.4838,1045340,97.0423
hypergirgs,gluten,1,3290,46415,100,1,3,0.5,15.053,67.4872,3.77361,22.7543,40.9421,2325598,100.209
hypergirgs,gluten,1,3300,100000,100,1,3,0.5,16.5881,94.2918,1.52186,11.5658,81.1858,5016663,100.333
hypergirgs,gluten,1,3310,215443,100,1,3,0.5,18.1232,194.089,2.18339,17.7541,174.115,10786824,100.136
hypergirgs,gluten,1,3320,464158,100,1,3,0.5,19.6582,406.227,5.10317,28.4567,372.613,23079070,99.4449
hypergirgs,gluten,1,3330,1000000,100,1,3,0.5,21.1933,880.003,9.77216,63.4963,803.996,50188353,100.377
hypergirgs,gluten,1,3340,2154434,100,1,3,0.5,22.7283,1853.71,25.3045,94.7383,1724.43,108160459,100.407
hypergirgs,gluten,1,3350,4641588,100,1,3,0.5,24.2634,4146.3,118.192,226.589,3787.35,232366779,100.124
hypergirgs,gluten,1,3360,10000000,100,1,3,0.5,25.7984,8660.64,278.953,377.173,7975.08,498630244,99.726
hypergirgs,gluten,1,3370,21544346,100,1,3,0.5,27.3335,18495.6,487.247,769.896,17176.4,1075833893,99.8716
hypergirgs,gluten,1,3380,46415888,100,1,3,0.5,28.8686,39874.2,1010.62,1587.27,37101.8,2319608203,99.9489
hypergirgs,gluten,1,3390,21544,1000,1,3,0.5,8.91278,172.635,0.848606,24.5951,147.087,10105038,938.084
hypergirgs,gluten,1,3400,46415,1000,1,3,0.5,10.4478,361.553,2.68126,17.7679,341.086,22876382,985.732
hypergirgs,gluten,1,3410,100000,1000,1,3,0.5,11.9829,811.229,3.29598,20.9062,786.981,49211278,984.226
hypergirgs,gluten,1,3420,215443,1000,1,3,0.5,13.518,1786.43,9.12401,33.6297,1743.66,107189312,995.06
hypergirgs,gluten,1,3430,464158,1000,1,3,0.5,15.053,3702.66,12.384,42.9055,3647.35,230039862,991.214
hypergirgs,gluten,1,3440,1000000,1000,1,3,0.5,16.5881,7908.73,18.6488,72.49,7815.06,501211680,1002.42
hypergirgs,gluten,1,3450,2154434,1000,1,3,0.5,18.1232,16951.1,42.2286,112.207,16788.1,1075309245,998.229
hypergirgs,gluten,1,3460,4641588,1000,1,3,0.5,19.6582,36641,144.313,203.842,36270.2,2324007187,1001.38
hypergirgs,gluten,1,3470,10000000,1000,1,3,0.5,21.1933,78157.1,335.899,402.261,77389.5,4988648570,997.73
hypergirgs,gluten,1,3480,21544346,1000,1,3,0.5,22.7283,169509,534.601,755.422,168124,10778278481,1000.57
hypergirgs,gluten,1,3500,10000,10,0.6,2.2,0.9,24.5068,65.0444,1.17168,48.2021,15.6418,14663,2.9326
hypergirgs,gluten,1,3510,21544,10,0.6,2.2,0.9,26.0419,80.7554,3.29506,46.5736,30.8558,40227,3.7344
hypergirgs,gluten,1,3520,46415,10,0.6,2.2,0.9,27.5769,109.124,1.61534,38.8776,68.5942,99266,4.27732
hypergirgs,gluten,1,3530,100000,10,0.6,2.2,0.9,29.112,180.671,1.72294,52.6096,125.992,220322,4.40644
hypergirgs,gluten,1,3540,215443,10,0.6,2.2,0.9,30.6471,303.694,2.98925,74.3364,223.916,491398,4.56174
hypergirgs,gluten,1,3550,464158,10,0.6,2.2,0.9,32.1821,586.213,8.00209,150.957,421.056,1173710,5.05737
hypergirgs,gluten,1,3560,1000000,10,0.6,2.2,0.9,33.7172,1106.42,17.23,201.573,877.577,2667196,5.33439
hypergirgs,gluten,1,3570,2154434,10,0.6,2.2,0.9,35.2522,2102.69,34.0132,309.175,1736.05,6197426,5.75318
hypergirgs,gluten,1,3580,4641588,10,0.6,2.2,0.9,36.7873,4585.36,121.375,666.656,3751.98,14562990,6.275
hypergirgs,gluten,1,3590,10000000,10,0.6,2.2,0.9,38.3224,9163.79,244.271,1250.58,7582.94,32737295,6.54746
hypergirgs,gluten,1,3600,21544346,10,0.6,2.2,0.9,39.8574,22993.1,523.964,3025.03,19192.8,66743360,6.1959
hypergirgs,gluten,1,3610,46415888,10,0.6,2.2,0.9,41.3925,40054.5,1043.68,5010.61,33654.8,155756849,6.71136
hypergirgs,gluten,1,3620,10000,100,0.6,2.2,0.9,19.9017,51.6293,0.856979,38.0532,12.6934,122753,24.5506
hypergirgs,gluten,1,3630,21544,100,0.6,2.2,0.9,21.4367,73.1465,4.7464,48.5361,19.8309,333229,30.9347
hypergirgs,gluten,1,3640,46415,100,0.6,2.2,0.9,22.9717,71.4019,3.80856,40.3488,27.2148,780887,33.648
hypergirgs,gluten,1,3650,100000,100,0.6,2.2,0.9,24.5068,92.3485,1.37187,34.9522,55.9923,1740133,34.8027
hypergirgs,gluten,1,3660,215443,100,0.6,2.2,0.9,26.0419,183.704,2.10614,45.236,136.103,4062770,37.7155
hypergirgs,gluten,1,3670,464158,100,0.6,2.2,0.9,27.5769,359.754,5.12088,49.2258,305.354,9746946,41.9984
hypergirgs,gluten,1,3680,1000000,100,0.6,2.2,0.9,29.112,777.665,10.6214,75.6159,688.612,22283750,44.5675
hypergirgs,gluten,1,3690,2154434,100,0.6,2.2,0.9,30.6471,1657.06,28.3074,125.055,1492.64,49751297,46.185
hypergirgs,gluten,1,3700,4641588,100,0.6,2.2,0.9,32.1821,3929.43,128.539,310.721,3474.13,118427125,51.0287
hypergirgs,gluten,1,3710,10000000,100,0.6,2.2,0.9,33.7172,8799.19,259.694,545.633,7961.8,273781235,54.7562
hypergirgs,gluten,1,3720,21544346,100,0.6,2.2,0.9,35.2522,19670.4,548.285,1074.3,17984.2,599284018,55.6326
hypergirgs,gluten,1,3730,46415888,100,0.6,2.2,0.9,36.7873,44751.2,1057.66,2241.88,41275.5,1365657244,58.8444
hypergirgs,gluten,1,3740,21544,1000,0.6,2.2,0.9,16.8315,83.8847,0.73669,33.2104,49.9174,2193875,203.665
hypergirgs,gluten,1,3750,46415,1000,0.6,2.2,0.9,18.3666,131.652,4.16681,32.9438,94.5189,5424650,233.746
hypergirgs,gluten,1,3760,100000,1000,0.6,2.2,0.9,19.9017,245.713,1.47071,17.8168,226.356,12763744,255.275
hypergirgs,gluten,1,3770,215443,1000,0.6,2.2,0.9,21.4367,593.808,2.46552,25.6302,565.657,31604500,293.391
hypergirgs,gluten,1,3780,464158,1000,0.6,2.2,0.9,22.9718,1437.71,4.94821,63.2336,1369.44,74571950,321.321
hypergirgs,gluten,1,3790,1000000,1000,0.6,2.2,0.9,24.5068,3474.78,17.773,92.0032,3362.22,179414420,358.829
hypergirgs,gluten,1,3800,2154434,1000,0.6,2.2,0.9,26.0419,8329.37,42.7794,124.886,8152.57,426587745,396.009
hypergirgs,gluten,1,3810,4641588,1000,0.6,2.2,0.9,27.577,19865.7,127.211,233.576,19490.6,982989660,423.557
hypergirgs,gluten,1,3820,10000000,1000,0.6,2.2,0.9,29.112,47545.5,296.691,438.674,46760.5,2260841705,452.168
